audience,platform,caption,image,url,alt
"choose-your-lane","facebook","Your business deserves a clearer starting point.

Trade companies: keep customers, quotes, jobs, and invoices together with TradeFlowKit.
MSPs: connect client support and team knowledge with TechDeck.
Healthcare and legal offices: coordinate internal office requests with PulseDesk.

Choose your lane and see the tools that fit your work.

https://operatoros.net/?utm_source=facebook&utm_medium=organic_social&utm_campaign=choose_your_lane","exports/choose-your-lane-square.png","https://operatoros.net/?utm_source=facebook&utm_medium=organic_social&utm_campaign=choose_your_lane","Trade Companies with TradeFlowKit, MSPs with TechDeck, and Healthcare / Legal-office operations with PulseDesk."
"choose-your-lane","linkedin","A business owner should not have to sort through an entire software catalog to find a useful starting point.

OperatorOS puts three paths up front: Trade Companies, MSPs, and Healthcare / Legal-office operations. Each path explains the relevant application, a practical workday, useful additions, and what needs connecting before use.

Find the fit for your team.

https://operatoros.net/?utm_source=linkedin&utm_medium=organic_social&utm_campaign=choose_your_lane","exports/choose-your-lane-square.png","https://operatoros.net/?utm_source=linkedin&utm_medium=organic_social&utm_campaign=choose_your_lane","Trade Companies with TradeFlowKit, MSPs with TechDeck, and Healthcare / Legal-office operations with PulseDesk."
"choose-your-lane","x","Your business. Your lane.
Trade Companies → TradeFlowKit
MSPs → TechDeck
Healthcare / Legal-office operations → PulseDesk
See the tools that fit your work.

https://operatoros.net/","exports/choose-your-lane-landscape.png","https://operatoros.net/","Trade Companies with TradeFlowKit, MSPs with TechDeck, and Healthcare / Legal-office operations with PulseDesk."
"trades","facebook","A quote to send. A job to assign. An invoice to follow up.

TradeFlowKit brings those next steps together with the customer and job details behind them. Add SnapProofOS for approved field reports or BrandForge OS for campaign preparation as your business needs grow.

See a clearer way to run the work.

https://operatoros.net/for/trades?utm_source=facebook&utm_medium=organic_social&utm_campaign=choose_your_lane","exports/trades-square.png","https://operatoros.net/for/trades?utm_source=facebook&utm_medium=organic_social&utm_campaign=choose_your_lane","A trade company owner by a service van. Less chasing. More paid work. TradeFlowKit connects customers, quotes, jobs, and invoices."
"trades","linkedin","For trade business owners, the work continues long after the first customer call.

TradeFlowKit connects inquiries, customer records, scheduled jobs, quotes, invoices, and recorded payments. Your team can see who owns the next step and what still needs attention.

Explore the trade-company path, including shared customer details and optional tools for documenting the work.

https://operatoros.net/for/trades?utm_source=linkedin&utm_medium=organic_social&utm_campaign=choose_your_lane","exports/trades-square.png","https://operatoros.net/for/trades?utm_source=linkedin&utm_medium=organic_social&utm_campaign=choose_your_lane","A trade company owner by a service van. Less chasing. More paid work. TradeFlowKit connects customers, quotes, jobs, and invoices."
"trades","x","Less chasing. More paid work.
Keep customers, quotes, jobs, and invoices connected in TradeFlowKit. Give the next step a clear owner.
Explore the trade-company path:

https://operatoros.net/for/trades","exports/trades-landscape.png","https://operatoros.net/for/trades","A trade company owner by a service van. Less chasing. More paid work. TradeFlowKit connects customers, quotes, jobs, and invoices."
"msps","facebook","The next technician should not have to start from scratch.

TechDeck connects client requests, equipment records, service time, and procedures so the team can pick up the work with context.

Explore the MSP path and see how reviewed scripts and troubleshooting practice can support your service team.

https://operatoros.net/for/msps?utm_source=facebook&utm_medium=organic_social&utm_campaign=choose_your_lane","exports/msps-square.png","https://operatoros.net/for/msps?utm_source=facebook&utm_medium=organic_social&utm_campaign=choose_your_lane","An IT professional beside network equipment. Clear tickets. Confident handoffs. TechDeck brings client support, equipment, and team knowledge together."
"msps","linkedin","Good service depends on a clear handoff.

TechDeck helps MSPs and internal IT teams connect the request, the affected equipment, the work performed, and the procedure that helped resolve it. That creates a more useful record for the next person on the ticket.

Explore the MSP path. Endpoint execution and external connections have their own setup requirements; this is not a promise of an all-in-one RMM.

https://operatoros.net/for/msps?utm_source=linkedin&utm_medium=organic_social&utm_campaign=choose_your_lane","exports/msps-square.png","https://operatoros.net/for/msps?utm_source=linkedin&utm_medium=organic_social&utm_campaign=choose_your_lane","An IT professional beside network equipment. Clear tickets. Confident handoffs. TechDeck brings client support, equipment, and team knowledge together."
"msps","x","Clear tickets. Confident handoffs.
TechDeck connects client requests, equipment records, and team knowledge so the next technician has the context.
Explore the MSP path:

https://operatoros.net/for/msps","exports/msps-landscape.png","https://operatoros.net/for/msps","An IT professional beside network equipment. Clear tickets. Confident handoffs. TechDeck brings client support, equipment, and team knowledge together."
"healthcare-legal","facebook","Who is handling the equipment issue? What is waiting on a vendor? Which internal request needs an update?

PulseDesk gives office operations a shared queue, a clear owner, and a next step. Built for healthcare operations, it can also support facilities, supplies, and equipment requests in legal offices.

Office operations only. Keep patient charts and confidential legal matters in your approved specialist systems.

https://operatoros.net/for/healthcare-legal?utm_source=facebook&utm_medium=organic_social&utm_campaign=choose_your_lane","exports/healthcare-legal-square.png","https://operatoros.net/for/healthcare-legal?utm_source=facebook&utm_medium=organic_social&utm_campaign=choose_your_lane","An office operations manager. Keep the office moving. PulseDesk supports internal requests, equipment, and follow-ups. Office operations only."
"healthcare-legal","linkedin","Small operational delays can interrupt an entire office.

PulseDesk helps teams coordinate facilities, equipment, supplies, vendors, and internal service requests. It is purpose-built for healthcare operations and can support these general office workflows in legal practices.

The scope is specific: office operations, not patient records, legal case management, court deadlines, or trust accounting.

https://operatoros.net/for/healthcare-legal?utm_source=linkedin&utm_medium=organic_social&utm_campaign=choose_your_lane","exports/healthcare-legal-square.png","https://operatoros.net/for/healthcare-legal?utm_source=linkedin&utm_medium=organic_social&utm_campaign=choose_your_lane","An office operations manager. Keep the office moving. PulseDesk supports internal requests, equipment, and follow-ups. Office operations only."
"healthcare-legal","x","Keep the office moving with PulseDesk.
Give internal requests, equipment issues, and vendor follow-ups a clear owner.
Office operations only—not patient charts or legal case management.

https://operatoros.net/for/healthcare-legal","exports/healthcare-legal-landscape.png","https://operatoros.net/for/healthcare-legal","An office operations manager. Keep the office moving. PulseDesk supports internal requests, equipment, and follow-ups. Office operations only."
