"utm_source","utm_medium","utm_campaign","utm_content","url"
"facebook","paid_social","three_tracks_launch","overview_square","https://operatoros.net/pricing?utm_source=facebook&utm_medium=paid_social&utm_campaign=three_tracks_launch&utm_content=overview_square"
"facebook","paid_social","three_tracks_launch","track_tradeflowkit","https://operatoros.net/pricing?utm_source=facebook&utm_medium=paid_social&utm_campaign=three_tracks_launch&utm_content=track_tradeflowkit"
"facebook","paid_social","three_tracks_launch","track_pulsedesk","https://operatoros.net/pricing?utm_source=facebook&utm_medium=paid_social&utm_campaign=three_tracks_launch&utm_content=track_pulsedesk"
"facebook","paid_social","three_tracks_launch","track_techdeck","https://operatoros.net/pricing?utm_source=facebook&utm_medium=paid_social&utm_campaign=three_tracks_launch&utm_content=track_techdeck"
"instagram","paid_social","three_tracks_launch","overview_feed","https://operatoros.net/pricing?utm_source=instagram&utm_medium=paid_social&utm_campaign=three_tracks_launch&utm_content=overview_feed"
"instagram","paid_social","three_tracks_launch","overview_story","https://operatoros.net/pricing?utm_source=instagram&utm_medium=paid_social&utm_campaign=three_tracks_launch&utm_content=overview_story"
"instagram","paid_social","three_tracks_launch","tracks_video_vertical","https://operatoros.net/pricing?utm_source=instagram&utm_medium=paid_social&utm_campaign=three_tracks_launch&utm_content=tracks_video_vertical"
"linkedin","paid_social","three_tracks_launch","overview_landscape","https://operatoros.net/pricing?utm_source=linkedin&utm_medium=paid_social&utm_campaign=three_tracks_launch&utm_content=overview_landscape"
"linkedin","paid_social","three_tracks_launch","tracks_video_landscape","https://operatoros.net/pricing?utm_source=linkedin&utm_medium=paid_social&utm_campaign=three_tracks_launch&utm_content=tracks_video_landscape"
"google","display","three_tracks_launch","rda_clean_landscape","https://operatoros.net/pricing?utm_source=google&utm_medium=display&utm_campaign=three_tracks_launch&utm_content=rda_clean_landscape"
"google","display","three_tracks_launch","rda_clean_square","https://operatoros.net/pricing?utm_source=google&utm_medium=display&utm_campaign=three_tracks_launch&utm_content=rda_clean_square"
"google","search","three_tracks_launch","rsa_three_tracks","https://operatoros.net/pricing?utm_source=google&utm_medium=search&utm_campaign=three_tracks_launch&utm_content=rsa_three_tracks"
"tiktok","paid_social","three_tracks_launch","tracks_video_vertical","https://operatoros.net/pricing?utm_source=tiktok&utm_medium=paid_social&utm_campaign=three_tracks_launch&utm_content=tracks_video_vertical"
